SOFIA_name,i1,i2,i3,i4
NGC2071.1,0.0597317356584,0.0561794201826,0.00445740424253,-0.0209688073619
NGC2071.3,0.0181245555172,-0.00981164720566,-0.00399161128104,-0.0470576721773
NGC2071.4,0.0901472086178,-0.0537291303562,0.0359263613155,-0.0661367124979
NGC2071.5,-0.129758430414,-0.109329278348,-0.14378614073,-0.138875785827
IRAS20050.1,0.0202815530949,0.0391900662512,0.0168144994731,0.131415059046
IRAS20050.3,0.180778580773,0.122463511717,0.0820763919692,0.120726122541
IRAS20050.6,-0.0436138278792,-0.0463294219334,-0.0923906752439,-0.0559707839043
IRAS20050.7,-0.489965586818,-0.403711302772,-0.257034334973,-0.348709110947
