SOFIA_name,Coordinates,alpha,R,env_mass,env_mass_std,sLsun,sLsun_std,inc,ext,s
IRAS20050.8,20h07m06.5s +27d28m54.3s,1.58071365436,0.0,0.0,0.0,0.0,0.0,0.0,0.0,0.0
IRAS20050.3,20h07m06.3s +27d28m56.6s,1.13466826383,0.732250572907,0.256000012159,0.113978140056,48.4500007629,6.3407998085,26.525352478,5.0,1.0
IRAS20050.4,20h07m05.9s +27d28m59.2s,1.70484777641,0.23936378397,0.577000021935,0.216813117266,48.4500007629,8.74366855621,46.8264503479,5.0,1.29999995232
IRAS20050.2,20h07m06.2s +27d28m49.1s,1.64028093703,0.757609837585,0.577000021935,0.217499107122,26.6000003815,6.047498703,18.6717185974,14.0,0.699999988079
IRAS20050.1,20h07m06.6s +27d28m48.0s,0.0713131396905,0.741233583954,0.00400000018999,0.0,128.0,15.3057880402,65.0989379883,9.0,0.850000023842
IRAS20050.5,20h07m06.6s +27d28m53.1s,0.536667703819,0.78184027142,0.00999999977648,0.0025973347947,49.361000061,6.24127626419,42.5368995667,14.0,1.0
IRAS20050.7,20h07m07.9s +27d27m15.8s,1.23476939767,1.41579043865,0.0149999996647,0.0397119596601,3.5,3.15292739868,18.6717185974,14.0,0.699999988079
IRAS20050.6,20h07m02.2s +27d30m26.0s,-0.338316422119,2.22185631924,0.00400000018999,0.0,201.599990845,32.128288269,80.9152832031,14.0,0.699999988079
