SOFIA_name,F11,F19,F31,F37
IRAS20050.1,0.61457301662,2.07683302918,5.3738602846,7.78960569387
IRAS20050.2,0.0496320104862,1.41647923323,9.34767635682,12.3722561665
IRAS20050.3,0.196360840216,2.4097560867,12.4105499709,19.4483794938
IRAS20050.4,0.0408523078324,0.148588334997,7.81777881087,12.3300350544
IRAS20050.5,0.206143396553,1.66064008562,6.1319755023,10.3115426441
IRAS20050.8,1.65112132156,7.02535750827,37.8730270734,49.3597412563
