SOFIA_name,F11,F19,F31,F37
NGC2071.1,9.90982322361,70.9111493224,173.254814926,240.804402304
NGC2071.2,0.215129717761,11.0775995595,54.8732135376,83.3713077466
NGC2071.3,0.404908858799,3.22121435807,20.6188733625,38.067091976
NGC2071.7,11.3295230115,94.0394906675,277.780130153,357.18574972
