SOFIA_name,F11,F19,F31,F37
NGC2071.1,10.0724189427,72.0405818894,167.929341451,234.929899038
NGC2071.2,0.383377628841,11.2074076813,56.7033633731,89.5462565737
NGC2071.3,0.192179068978,3.02685390306,19.9739125258,37.5559961107
NGC2071.7,13.5228216967,94.154576921,280.140579597,362.99011201
