SOFIA_name,Coordinates,R37,alpha,R,env_mass,env_mass_std,sLsun,sLsun_std,Lbol,inc,ext,s
NGC2071.7,05h47m04.9s +00d21m46.4s,1.83124730133,3.33499529968,0.0,0.0,0.0,0.0,0.0,328.959269249,0.0,0.0,0.0
NGC2071.6,05h47m07.8s +00d18m01.7s,3.23087322462,3.76828135315,0.0,0.0,0.0,0.0,0.0,66.3684467503,0.0,0.0,0.0
NGC2071.1,05h47m04.8s +00d21m43.1s,1.16774465884,2.309112725,2.78412861696,22.1679992676,2.41845750809,49.3999977112,4.47390604019,297.179194393,0.0,14.0,1.29999995232
NGC2071.2,05h47m04.7s +00d21m48.2s,2.12723054777,2.2192471941,1.82439509673,6.56799983978,1.71226215363,331.199981689,35.7517242432,199.775606025,18.6717185974,14.0,1.29999995232
NGC2071.3,05h47m05.4s +00d21m50.3s,0.0,1.01313486581,2.29011733724,4.37900018692,1.12481427193,374.399993896,48.6879119873,113.72508824,18.6717185974,0.0,1.29999995232
NGC2071.4,05h47m04.0s +00d22m10.5s,0.96180905853,1.08106783233,3.96156284442,14.7790002823,5.23388624191,9.19999980927,2.10857129097,21.4463041182,0.0,14.0,1.0
NGC2071.5,05h47m10.7s +00d21m14.0s,1.11435624782,0.31504689431,2.03024005202,0.0149999996647,0.00672165956348,22.0999984741,6.22347021103,12.7304289238,0.0,14.0,1.29999995232
