SOFIA_name,F11,F19,F31,F37
S140.1,0.625067964187,3.55613157456,9.96613309733,11.0803521416
S140.2,0.18303134324,0.805849333742,2.64264339577,4.70508877096
S140.3,10.2829763488,101.486960755,419.411302558,525.900931501
S140.4,3.79742113248,88.9501293578,337.22319974,352.064528686
S140.5,110.567145688,830.967244019,2065.12631899,2278.6132082
S140.6,0.0430631908079,0.215635686225,1.57735148508,1.97890877008
S140.7,0.0430631908079,0.184011715574,2.24290286673,2.10303848041
S140.8,135.198294422,1194.56767248,4449.45805838,5840.63870357
