SOFIA_name,F11,F19,F31,F37
S140.1,0.568915569919,3.18384911438,9.21479458938,11.2901638598
S140.2,0.195486408633,0.867013519593,4.10687406557,7.22078184718
S140.3,9.78802708507,101.704263479,449.604699731,639.168122827
S140.4,3.61778421213,91.0908468677,357.633653176,367.353829235
S140.5,110.021911637,812.839113409,1857.33359621,2000.94362702
S140.6,0.0418730342087,0.244737459694,1.65175287529,2.19395925769
S140.7,0.0418730342087,0.157202716998,2.52058760285,3.5970671772
S140.8,135.260280001,1195.20431788,4450.31036644,5910.25842544
