,Exposure time,Number of images in run,Fitted exposure time,Std fitted exposure time,Number of matching stars,Std number of matching stars,Fit ra \& dec error (arcsec),Std fit ra \& dec error (arcsec),Fit roll error (arcsec),Std fit roll error (arcsec),Processing time,Std processing time,Solution success rate
Exp1,250.0,118.0,259.677966102,92.1907456435,9.1186440678,1.67316553491,1.46226271186,0.429333725593,113.923585337,40.3102243124,1.47735861864,0.765678304386,98.3333333333
Exp2,125.0,36.0,113.25,13.1959063518,9.75,1.94900259392,1.45727777778,0.387625220707,117.703881326,32.1799093884,1.04745508333,0.258370010914,100.0
Exp3,62.0,49.0,69.6530612245,52.944156572,8.42857142857,1.55182578446,1.72316326531,0.64028113554,155.385675557,66.1130463527,1.00924479592,0.211943603775,96.0784313725
Exp4,62.0,132.0,66.1363636364,23.3490551127,7.31818181818,1.33891737031,1.75457575758,0.647916463953,151.262460621,55.1898378603,1.22412703788,0.593313553545,75.8620689655
Exp5,31.0,35.0,44.3142857143,52.5230678184,6.54285714286,0.839825054669,2.32997142857,0.79287103926,179.733969826,65.3795715896,1.19066368571,0.475531709654,36.8421052632
